{"cameraMode":{"drawMode":0,"name":"Shaded","section":"Shading Mode"},"sceneLighting":true,"audioPlay":false,"sceneViewState":{"m_AlwaysRefresh":false,"showFog":true,"showSkybox":true,"showFlares":true,"showImageEffects":true,"showParticleSystems":true,"showVisualEffectGraphs":true,"m_FxEnabled":true},"in2DMode":false,"pivot":{"x":3.6571567058563234,"y":-2.3079566955566408,"z":0.7976493835449219},"rotation":{"x":-0.1273387372493744,"y":-0.2148198038339615,"z":0.028262093663215638,"w":-0.9679073095321655},"size":8.317895889282227,"orthographic":false}